frame,wall_ms,deck,smooth_display_samp,output_pos_mono,drift,smooth_ref_present,rebuild_count,nudge,nudge_events,is_paused,nudge_mode,display_speed
1222,0,0,140137.828,139170,967.828,true,4,0,0,false,jump,1.000000
1223,9,0,140553.509,139170,1383.509,true,4,0,0,false,jump,1.000000
1224,19,0,140973.277,141218,-244.723,true,4,0,0,false,jump,1.000000
1225,28,0,141388.989,141218,170.989,true,4,0,0,false,jump,1.000000
1226,37,0,141804.965,141218,586.965,true,4,0,0,false,jump,1.000000
1227,47,0,142220.714,141218,1002.714,true,4,0,0,false,jump,1.000000
1228,56,0,142641.292,143266,-624.708,true,4,0,0,false,jump,1.000000
1229,66,0,143057.156,143266,-208.844,true,4,0,0,false,jump,1.000000
1230,75,0,143473.593,143266,207.593,true,4,0,0,false,jump,1.000000
1231,85,0,143890.039,143266,624.039,true,4,0,0,false,jump,1.000000
1232,94,0,144306.444,143266,1040.444,true,4,0,0,false,jump,1.000000
1233,104,0,144726.212,145314,-587.788,true,4,0,0,false,jump,1.000000
1234,113,0,145141.798,145314,-172.202,true,4,0,0,false,jump,1.000000
1235,122,0,145557.447,145314,243.447,true,4,0,0,false,jump,1.000000
1236,132,0,145973.139,145314,659.139,true,4,0,0,false,jump,1.000000
1237,141,0,146393.274,147362,-968.726,true,4,0,0,false,jump,1.000000
1238,151,0,146808.912,147362,-553.088,true,4,0,0,false,jump,1.000000
1239,160,0,147224.536,147362,-137.464,true,4,0,0,false,jump,1.000000
1240,170,0,147640.225,147362,278.225,true,4,0,0,false,jump,1.000000
1241,179,0,148055.976,147362,693.976,true,4,0,0,false,jump,1.000000
1242,189,0,148476.009,149410,-933.991,true,4,0,0,false,jump,1.000000
1243,198,0,148891.637,149410,-518.363,true,4,0,0,false,jump,1.000000
1244,207,0,149308.097,149410,-101.903,true,4,0,0,false,jump,1.000000
1245,217,0,149723.707,149410,313.707,true,4,0,0,false,jump,1.000000
1246,226,0,150140.174,149410,730.174,true,4,0,0,false,jump,1.000000
1247,236,0,150558.365,151458,-899.635,true,4,0,0,false,jump,1.000000
1248,245,0,150973.995,151458,-484.005,true,4,0,0,false,jump,1.000000
1249,255,0,151389.830,151458,-68.170,true,4,0,0,false,jump,1.000000
1250,264,0,151805.651,151458,347.651,true,4,0,0,false,jump,1.000000
1251,274,0,152225.460,153506,-1280.540,true,4,0,0,false,jump,1.000000
1252,283,0,152641.144,153506,-864.856,true,4,0,0,false,jump,1.000000
1253,292,0,153056.791,153506,-449.209,true,4,0,0,false,jump,1.000000
1254,302,0,153472.502,153506,-33.498,true,4,0,0,false,jump,1.000000
1255,311,0,153888.135,153506,382.135,true,4,0,0,false,jump,1.000000
1256,321,0,154307.598,155554,-1246.402,true,4,0,0,false,jump,1.000000
1257,330,0,154723.248,155554,-830.752,true,4,0,0,false,jump,1.000000
1258,340,0,155139.914,155554,-414.086,true,4,0,0,false,jump,1.000000
1259,349,0,155556.304,155554,2.304,true,4,0,0,false,jump,1.000000
1260,359,0,155976.043,157602,-1625.957,true,4,0,0,false,jump,1.000000
1261,368,0,156391.757,157602,-1210.243,true,4,0,0,false,jump,1.000000
1262,377,0,156808.185,157602,-793.815,true,4,0,0,false,jump,1.000000
1263,387,0,157223.888,157602,-378.112,true,4,0,0,false,jump,1.000000
1264,396,0,157639.572,157602,37.572,true,4,0,0,false,jump,1.000000
1265,406,0,158084.595,160091,-2006.405,true,4,0,1,false,jump,1.000000
1266,416,0,158500.318,160091,-1590.682,true,4,0,1,false,jump,1.000000
1267,425,0,158915.993,160091,-1175.007,true,4,0,1,false,jump,1.000000
1268,434,0,159331.725,160091,-759.275,true,4,0,1,false,jump,1.000000
1269,444,0,159751.482,162139,-2387.518,true,4,0,1,false,jump,1.000000
1270,453,0,160167.173,162139,-1971.827,true,4,0,1,false,jump,1.000000
1271,462,0,160582.804,162139,-1556.196,true,4,0,1,false,jump,1.000000
1272,472,0,160998.509,162139,-1140.491,true,4,0,1,false,jump,1.000000
1273,481,0,161414.198,162139,-724.802,true,4,0,1,false,jump,1.000000
1274,491,0,161834.918,164187,-2352.082,true,4,0,1,false,jump,1.000000
1275,500,0,162250.617,164187,-1936.383,true,4,0,1,false,jump,1.000000
1276,510,0,162666.222,164187,-1520.778,true,4,0,1,false,jump,1.000000
1277,519,0,163081.906,164187,-1105.094,true,4,0,1,false,jump,1.000000
1278,529,0,163498.319,164187,-688.681,true,4,0,1,false,jump,1.000000
1279,538,0,163914.070,164187,-272.930,true,4,0,1,false,jump,1.000000
1280,548,0,164329.805,164187,142.805,true,4,0,1,false,jump,1.000000
1281,557,0,164746.283,164187,559.283,true,4,0,1,false,jump,1.000000
1282,566,0,165162.260,164187,975.260,true,4,0,1,false,jump,1.000000
1283,576,0,165582.020,166235,-652.980,true,4,0,1,false,jump,1.000000
1284,585,0,165997.618,166235,-237.382,true,4,0,1,false,jump,1.000000
1285,595,0,166412.535,166235,177.535,true,4,0,1,false,jump,1.000000
1286,604,0,166828.234,166235,593.234,true,4,0,1,false,jump,1.000000
1287,614,0,167248.120,168283,-1034.880,true,4,0,1,false,jump,1.000000
1288,623,0,167664.290,168283,-618.710,true,4,0,1,false,jump,1.000000
1289,633,0,168080.140,168283,-202.860,true,4,0,1,false,jump,1.000000
1290,642,0,168495.801,168283,212.801,true,4,0,1,false,jump,1.000000
1291,651,0,168911.485,168283,628.485,true,4,0,1,false,jump,1.000000
1292,661,0,169331.231,170331,-999.769,true,4,0,1,false,jump,1.000000
1293,670,0,169746.910,170331,-584.090,true,4,0,1,false,jump,1.000000
1294,680,0,170162.894,170331,-168.106,true,4,0,1,false,jump,1.000000
1295,689,0,170578.538,170331,247.538,true,4,0,1,false,jump,1.000000
1296,699,0,170998.436,172379,-1380.564,true,4,0,1,false,jump,1.000000
1297,708,0,171414.974,172379,-964.026,true,4,0,1,false,jump,1.000000
1298,718,0,171831.445,172379,-547.555,true,4,0,1,false,jump,1.000000
1299,727,0,172247.855,172379,-131.145,true,4,0,1,false,jump,1.000000
1300,736,0,172663.599,172379,284.599,true,4,0,1,false,jump,1.000000
1301,746,0,173083.322,174427,-1343.678,true,4,0,1,false,jump,1.000000
1302,755,0,173499.753,174427,-927.247,true,4,0,1,false,jump,1.000000
1303,765,0,173915.438,174427,-511.562,true,4,0,1,false,jump,1.000000
1304,774,0,174331.895,174427,-95.105,true,4,0,1,false,jump,1.000000
1305,784,0,174752.087,176475,-1722.913,true,4,0,1,false,jump,1.000000
1306,793,0,175168.520,176475,-1306.480,true,4,0,1,false,jump,1.000000
1307,803,0,175584.261,176475,-890.739,true,4,0,1,false,jump,1.000000
1308,813,0,176000.727,176475,-474.273,true,4,0,1,false,jump,1.000000
1309,822,0,176417.146,176475,-57.854,true,4,0,1,false,jump,1.000000
1310,831,0,176836.983,178523,-1686.017,true,4,0,1,false,jump,1.000000
1311,840,0,177253.392,178523,-1269.608,true,4,0,1,false,jump,1.000000
1312,850,0,177669.831,178523,-853.169,true,4,0,1,false,jump,1.000000
1313,859,0,178086.263,178523,-436.737,true,4,0,1,false,jump,1.000000
1314,869,0,178506.043,180571,-2064.957,true,4,0,1,false,jump,1.000000
1315,878,0,178921.899,180571,-1649.101,true,4,0,1,false,jump,1.000000
1316,888,0,179338.513,180571,-1232.487,true,4,0,1,false,jump,1.000000
1317,897,0,179754.329,180571,-816.671,true,4,0,1,false,jump,1.000000
1318,907,0,180196.964,181012,-815.036,true,4,0,2,false,jump,1.000000
1319,916,0,180617.128,183060,-2442.872,true,4,0,2,false,jump,1.000000
1320,926,0,181033.679,183060,-2026.321,true,4,0,2,false,jump,1.000000
1321,935,0,181478.734,183501,-2022.266,true,4,0,3,false,jump,1.000000
1322,945,0,181895.190,183501,-1605.810,true,4,0,3,false,jump,1.000000
1323,954,0,182315.723,185549,-3233.277,true,4,0,3,false,jump,1.000000
1324,963,0,182763.193,185990,-3226.807,true,4,0,4,false,jump,1.000000
1325,973,0,183178.912,185990,-2811.088,true,4,0,4,false,jump,1.000000
1326,982,0,183594.616,185990,-2395.384,true,4,0,4,false,jump,1.000000
1327,992,0,184040.408,186431,-2390.592,true,4,0,5,false,jump,1.000000
1328,1001,0,184460.170,188479,-4018.830,true,4,0,5,false,jump,1.000000
1329,1011,0,184876.676,188479,-3602.324,true,4,0,5,false,jump,1.000000
1330,1020,0,185324.882,188920,-3595.118,true,4,0,6,false,jump,1.000000
1331,1030,0,185740.529,188920,-3179.471,true,4,0,6,false,jump,1.000000
1332,1039,0,186156.222,188920,-2763.778,true,4,0,6,false,jump,1.000000
1333,1048,0,186571.952,188920,-2348.048,true,4,0,6,false,jump,1.000000
1334,1058,0,187017.652,189361,-2343.348,true,4,0,7,false,jump,1.000000
1335,1067,0,187433.413,189361,-1927.587,true,4,0,7,false,jump,1.000000
1336,1077,0,187848.017,189361,-1512.983,true,4,0,7,false,jump,1.000000
1337,1086,0,188296.141,191850,-3553.859,true,4,0,8,false,jump,1.000000
1338,1096,0,188711.955,191850,-3138.045,true,4,0,8,false,jump,1.000000
1339,1105,0,189127.738,191850,-2722.262,true,4,0,8,false,jump,1.000000
1340,1115,0,189574.187,192291,-2716.813,true,4,0,9,false,jump,1.000000
1341,1124,0,189993.916,194339,-4345.084,true,4,0,9,false,jump,1.000000
1342,1133,0,190409.842,194339,-3929.158,true,4,0,9,false,jump,1.000000
1343,1143,0,190858.704,194780,-3921.296,true,4,0,10,false,jump,1.000000
1344,1152,0,191274.461,194780,-3505.539,true,4,0,10,false,jump,1.000000
1345,1162,0,191690.919,194780,-3089.081,true,4,0,10,false,jump,1.000000
1346,1171,0,192142.195,197269,-5126.805,true,4,0,11,false,jump,1.000000
1347,1181,0,192557.868,197269,-4711.132,true,4,0,11,false,jump,1.000000
1348,1190,0,192973.834,197269,-4295.166,true,4,0,11,false,jump,1.000000
1349,1200,0,193389.747,197269,-3879.253,true,4,0,11,false,jump,1.000000
1350,1209,0,193842.604,199758,-5915.396,true,4,0,12,false,jump,1.000000
1351,1219,0,194259.038,199758,-5498.962,true,4,0,12,false,jump,1.000000
1352,1228,0,194675.531,199758,-5082.469,true,4,0,12,false,jump,1.000000
1353,1237,0,195126.698,200199,-5072.302,true,4,0,13,false,jump,1.000000
1354,1247,0,195543.136,200199,-4655.864,true,4,0,13,false,jump,1.000000
1355,1256,0,195963.734,202247,-6283.266,true,4,0,13,false,jump,1.000000
1356,1266,0,196417.302,202688,-6270.698,true,4,0,14,false,jump,1.000000
1357,1275,0,196833.348,202688,-5854.652,true,4,0,14,false,jump,1.000000
1358,1285,0,197248.990,202688,-5439.010,true,4,0,14,false,jump,1.000000
1359,1294,0,197704.966,205177,-7472.034,true,4,0,15,false,jump,1.000000
1360,1304,0,198120.664,205177,-7056.336,true,4,0,15,false,jump,1.000000
1361,1313,0,198536.317,205177,-6640.683,true,4,0,15,false,jump,1.000000
1362,1323,0,198990.601,205618,-6627.399,true,4,0,16,false,jump,1.000000
1363,1332,0,199406.289,205618,-6211.711,true,4,0,16,false,jump,1.000000
1364,1342,0,199826.862,207666,-7839.138,true,4,0,16,false,jump,1.000000
1365,1351,0,200242.575,207666,-7423.425,true,4,0,16,false,jump,1.000000
1366,1360,0,200698.424,208107,-7408.576,true,4,0,17,false,jump,1.000000
1367,1370,0,201114.185,208107,-6992.815,true,4,0,17,false,jump,1.000000
1368,1379,0,201533.978,210155,-8621.022,true,4,0,17,false,jump,1.000000
1369,1389,0,201992.223,210596,-8603.777,true,4,0,18,false,jump,1.000000
1370,1398,0,202407.913,210596,-8188.087,true,4,0,18,false,jump,1.000000
1371,1408,0,202823.664,210596,-7772.336,true,4,0,18,false,jump,1.000000
1372,1417,0,203280.212,211037,-7756.788,true,4,0,19,false,jump,1.000000
1373,1426,0,203699.975,213085,-9385.025,true,4,0,19,false,jump,1.000000
1374,1436,0,204115.679,213085,-8969.321,true,4,0,19,false,jump,1.000000
1375,1445,0,204574.620,213526,-8951.380,true,4,0,20,false,jump,1.000000
1376,1455,0,204991.068,213526,-8534.932,true,4,0,20,false,jump,1.000000
1377,1464,0,205410.853,215574,-10163.147,true,4,0,20,false,jump,1.000000
1378,1474,0,205872.183,216015,-10142.817,true,4,0,21,false,jump,1.000000
1379,1483,0,206288.577,216015,-9726.423,true,4,0,21,false,jump,1.000000
1380,1493,0,206705.019,216015,-9309.981,true,4,0,21,false,jump,1.000000
1381,1502,0,207120.774,216015,-8894.226,true,4,0,21,false,jump,1.000000
1382,1512,0,207583.660,218504,-10920.340,true,4,0,22,false,jump,1.000000
1383,1521,0,207999.470,218504,-10504.530,true,4,0,22,false,jump,1.000000
1384,1530,0,208415.933,218504,-10088.067,true,4,0,22,false,jump,1.000000
1385,1540,0,208877.111,218945,-10067.889,true,4,0,23,false,jump,1.000000
1386,1549,0,209293.521,218945,-9651.479,true,4,0,23,false,jump,1.000000
1387,1559,0,209710.164,218945,-9234.836,true,4,0,23,false,jump,1.000000
1388,1568,0,210169.636,219386,-9216.364,true,4,0,24,false,jump,1.000000
1389,1578,0,210586.136,219386,-8799.864,true,4,0,24,false,jump,1.000000
1390,1587,0,211001.934,219386,-8384.066,true,4,0,24,false,jump,1.000000
1391,1597,0,211463.799,221875,-10411.201,true,4,0,25,false,jump,1.000000
1392,1606,0,211879.502,221875,-9995.498,true,4,0,25,false,jump,1.000000
1393,1616,0,212295.601,221875,-9579.399,true,4,0,25,false,jump,1.000000
1394,1625,0,212755.763,222316,-9560.237,true,4,0,26,false,jump,1.000000
1395,1634,0,213172.216,222473,-9300.784,true,4,0,26,false,jump,1.000000
1396,1644,0,213591.674,224364,-10772.326,true,4,0,26,false,jump,1.000000
1397,1653,0,214007.560,224364,-10356.440,true,4,0,26,false,jump,1.000000
1398,1663,0,214469.274,224805,-10335.726,true,4,0,27,false,jump,1.000000
1399,1672,0,214885.056,224805,-9919.944,true,4,0,27,false,jump,1.000000
1400,1682,0,215304.988,226853,-11548.012,true,4,0,27,false,jump,1.000000
1401,1691,0,215769.086,227294,-11524.914,true,4,0,28,false,jump,1.000000
1402,1701,0,216185.964,227294,-11108.036,true,4,0,28,false,jump,1.000000
1403,1710,0,216601.604,227294,-10692.396,true,4,0,28,false,jump,1.000000
1404,1719,0,217063.990,227735,-10671.010,true,4,0,29,false,jump,1.000000
1405,1729,0,217484.007,229783,-12298.993,true,4,0,29,false,jump,1.000000
1406,1739,0,217899.713,229783,-11883.287,true,4,0,29,false,jump,1.000000
1407,1748,0,218364.483,230224,-11859.517,true,4,0,30,false,jump,1.000000
1408,1757,0,218780.124,230224,-11443.876,true,4,0,30,false,jump,1.000000
1409,1767,0,219199.892,232272,-13072.108,true,4,0,30,false,jump,1.000000
1410,1776,0,219615.574,232272,-12656.426,true,4,0,30,false,jump,1.000000
1411,1786,0,220081.888,232713,-12631.112,true,4,0,31,false,jump,1.000000
1412,1795,0,220498.446,232713,-12214.554,true,4,0,31,false,jump,1.000000
1413,1805,0,220914.147,232713,-11798.853,true,4,0,31,false,jump,1.000000
1414,1814,0,235200.000,235202,-2.000,true,4,0,32,false,jump,1.000000
1415,1823,0,235616.387,235202,414.387,true,4,0,32,false,jump,1.000000
1416,1833,0,236032.127,235202,830.127,true,4,0,32,false,jump,1.000000
1417,1842,0,236471.469,235643,828.469,true,4,0,33,false,jump,1.000000
1418,1852,0,236889.649,237691,-801.351,true,4,0,33,false,jump,1.000000
1419,1861,0,237305.341,237691,-385.659,true,4,0,33,false,jump,1.000000
1420,1871,0,237747.113,238132,-384.887,true,4,0,34,false,jump,1.000000
1421,1880,0,238162.922,238132,30.922,true,4,0,34,false,jump,1.000000
1422,1890,0,238578.608,238132,446.608,true,4,0,34,false,jump,1.000000
1423,1899,0,239022.812,240621,-1598.188,true,4,0,35,false,jump,1.000000
1424,1908,0,239438.467,240621,-1182.533,true,4,0,35,false,jump,1.000000
1425,1918,0,239854.128,240621,-766.872,true,4,0,35,false,jump,1.000000
1426,1927,0,240269.933,240621,-351.067,true,4,0,35,false,jump,1.000000
1427,1937,0,240715.733,243110,-2394.267,true,4,0,36,false,jump,1.000000
1428,1946,0,241132.205,243110,-1977.795,true,4,0,36,false,jump,1.000000
1429,1956,0,241548.232,243110,-1561.768,true,4,0,36,false,jump,1.000000
1430,1965,0,241992.359,243551,-1558.641,true,4,0,37,false,jump,1.000000
1431,1975,0,242408.254,243551,-1142.746,true,4,0,37,false,jump,1.000000
1432,1984,0,242828.036,245599,-2770.964,true,4,0,37,false,jump,1.000000
1433,1993,0,243274.581,246040,-2765.419,true,4,0,38,false,jump,1.000000
1434,2003,0,243690.316,246040,-2349.684,true,4,0,38,false,jump,1.000000
1435,2012,0,244106.705,246040,-1933.295,true,4,0,38,false,jump,1.000000
1436,2022,0,244555.670,248529,-3973.330,true,4,0,39,false,jump,1.000000
1437,2031,0,244971.618,248529,-3557.382,true,4,0,39,false,jump,1.000000
1438,2041,0,245387.293,248529,-3141.707,true,4,0,39,false,jump,1.000000
1439,2050,0,245834.578,248970,-3135.422,true,4,0,40,false,jump,1.000000
1440,2060,0,246250.254,248970,-2719.746,true,4,0,40,false,jump,1.000000
1441,2069,0,246670.236,251018,-4347.764,true,4,0,40,false,jump,1.000000
1442,2079,0,247086.709,251018,-3931.291,true,4,0,40,false,jump,1.000000
1443,2088,0,247535.575,251459,-3923.425,true,4,0,41,false,jump,1.000000
1444,2097,0,247952.030,251459,-3506.970,true,4,0,41,false,jump,1.000000
1445,2107,0,248367.679,251459,-3091.321,true,4,0,41,false,jump,1.000000
1446,2116,0,248814.865,251900,-3085.135,true,4,0,42,false,jump,1.000000
1447,2126,0,249230.611,251900,-2669.389,true,4,0,42,false,jump,1.000000
1448,2136,0,249646.496,251900,-2253.504,true,4,0,42,false,jump,1.000000
1449,2145,0,250092.006,252341,-2248.994,true,4,0,43,false,jump,1.000000
1450,2154,0,250511.982,254389,-3877.018,true,4,0,43,false,jump,1.000000
1451,2164,0,250927.586,254389,-3461.414,true,4,0,43,false,jump,1.000000
1452,2173,0,251375.512,254830,-3454.488,true,4,0,44,false,jump,1.000000
1453,2182,0,251791.136,254830,-3038.864,true,4,0,44,false,jump,1.000000
1454,2192,0,252210.911,256878,-4667.089,true,4,0,44,false,jump,1.000000
1455,2201,0,252661.247,257319,-4657.753,true,4,0,45,false,jump,1.000000
1456,2211,0,253077.731,257319,-4241.269,true,4,0,45,false,jump,1.000000
1457,2220,0,253493.568,257319,-3825.432,true,4,0,45,false,jump,1.000000
1458,2230,0,253909.358,257319,-3409.642,true,4,0,45,false,jump,1.000000
1459,2239,0,254361.277,259808,-5446.723,true,4,0,46,false,jump,1.000000
1460,2249,0,254776.942,259808,-5031.058,true,4,0,46,false,jump,1.000000
1461,2258,0,255192.632,259808,-4615.368,true,4,0,46,false,jump,1.000000
1462,2268,0,255642.864,260249,-4606.136,true,4,0,47,false,jump,1.000000
1463,2277,0,256062.590,262297,-6234.410,true,4,0,47,false,jump,1.000000
1464,2286,0,256478.220,262297,-5818.780,true,4,0,47,false,jump,1.000000
1465,2296,0,256930.860,262738,-5807.140,true,4,0,48,false,jump,1.000000
1466,2305,0,257346.487,262738,-5391.513,true,4,0,48,false,jump,1.000000
1467,2315,0,257761.610,262738,-4976.390,true,4,0,48,false,jump,1.000000
1468,2324,0,258216.660,265227,-7010.340,true,4,0,49,false,jump,1.000000
1469,2334,0,258632.301,265227,-6594.699,true,4,0,49,false,jump,1.000000
1470,2343,0,259048.135,265227,-6178.865,true,4,0,49,false,jump,1.000000
1471,2353,0,259501.496,265668,-6166.504,true,4,0,50,false,jump,1.000000
1472,2362,0,259921.261,267716,-7794.739,true,4,0,50,false,jump,1.000000
1473,2371,0,260337.729,267716,-7378.271,true,4,0,50,false,jump,1.000000
1474,2381,0,260754.160,267716,-6961.840,true,4,0,50,false,jump,1.000000
1475,2390,0,261209.086,268157,-6947.914,true,4,0,51,false,jump,1.000000
1476,2400,0,261624.757,268157,-6532.243,true,4,0,51,false,jump,1.000000
1477,2409,0,262045.080,270205,-8159.920,true,4,0,51,false,jump,1.000000
1478,2419,0,262502.404,270646,-8143.596,true,4,0,52,false,jump,1.000000
1479,2428,0,262918.155,270646,-7727.845,true,4,0,52,false,jump,1.000000
1480,2438,0,263334.852,270646,-7311.148,true,4,0,52,false,jump,1.000000
1481,2447,0,263794.573,273135,-9340.427,true,4,0,53,false,jump,1.000000
1482,2457,0,264210.974,273135,-8924.026,true,4,0,53,false,jump,1.000000
1483,2466,0,264626.666,273135,-8508.334,true,4,0,53,false,jump,1.000000
1484,2475,0,265084.686,273576,-8491.314,true,4,0,54,false,jump,1.000000
1485,2485,0,265501.122,273576,-8074.878,true,4,0,54,false,jump,1.000000
1486,2494,0,265921.679,275624,-9702.321,true,4,0,54,false,jump,1.000000
1487,2504,0,266382.087,276065,-9682.913,true,4,0,55,false,jump,1.000000
1488,2513,0,266798.927,276065,-9266.073,true,4,0,55,false,jump,1.000000
1489,2523,0,267214.986,276065,-8850.014,true,4,0,55,false,jump,1.000000
1490,2533,0,267635.328,278113,-10477.672,true,5,0,55,false,jump,1.000000
1491,2542,0,268097.287,278554,-10456.713,true,5,0,56,false,jump,1.000000
1492,2551,0,268513.737,278554,-10040.263,true,5,0,56,false,jump,1.000000
1493,2561,0,268930.269,278554,-9623.731,true,5,0,56,false,jump,1.000000
1494,2570,0,269390.520,278995,-9604.480,true,5,0,57,false,jump,1.000000
1495,2580,0,269811.094,281043,-11231.906,true,5,0,57,false,jump,1.000000
1496,2589,0,270227.518,281043,-10815.482,true,5,0,57,false,jump,1.000000
1497,2598,0,270690.152,281484,-10793.848,true,5,0,58,false,jump,1.000000
1498,2608,0,271106.659,281484,-10377.341,true,5,0,58,false,jump,1.000000
1499,2617,0,271522.335,281484,-9961.665,true,5,0,58,false,jump,1.000000
1500,2627,0,271983.260,281925,-9941.740,true,5,0,59,false,jump,1.000000
1501,2636,0,272399.049,281925,-9525.951,true,5,0,59,false,jump,1.000000
1502,2646,0,272814.674,281925,-9110.326,true,5,0,59,false,jump,1.000000
1503,2655,0,273273.897,282366,-9092.103,true,5,0,60,false,jump,1.000000
1504,2665,0,273693.675,284414,-10720.325,true,5,0,60,false,jump,1.000000
1505,2674,0,274109.377,284414,-10304.623,true,5,0,60,false,jump,1.000000
1506,2683,0,274525.014,284414,-9888.986,true,5,0,60,false,jump,1.000000
1507,2693,0,274985.794,284855,-9869.206,true,5,0,61,false,jump,1.000000
1508,2702,0,275405.568,286903,-11497.432,true,5,0,61,false,jump,1.000000
1509,2712,0,275820.426,286903,-11082.574,true,5,0,61,false,jump,1.000000
1510,2721,0,276283.592,287344,-11060.408,true,5,0,62,false,jump,1.000000
1511,2731,0,276700.040,287344,-10643.960,true,5,0,62,false,jump,1.000000
1512,2740,0,277115.739,287344,-10228.261,true,5,0,62,false,jump,1.000000
1513,2750,0,277581.294,289833,-12251.706,true,5,0,63,false,jump,1.000000
1514,2759,0,277996.920,289833,-11836.080,true,5,0,63,false,jump,1.000000
1515,2768,0,278412.738,289833,-11420.262,true,5,0,63,false,jump,1.000000
1516,2778,0,278876.581,290274,-11397.419,true,5,0,64,false,jump,1.000000
1517,2787,0,279296.432,292322,-13025.568,true,5,0,64,false,jump,1.000000
1518,2797,0,279712.283,292322,-12609.717,true,5,0,64,false,jump,1.000000
1519,2806,0,280178.504,292763,-12584.496,true,5,0,65,false,jump,1.000000
1520,2816,0,280594.163,292763,-12168.837,true,5,0,65,false,jump,1.000000
1521,2825,0,281010.619,292763,-11752.381,true,5,0,65,false,jump,1.000000
1522,2835,0,294828.169,294811,17.169,true,5,0,65,false,jump,1.000000
1523,2844,0,295269.139,295252,17.139,true,5,0,66,false,jump,1.000000
1524,2854,0,295686.029,295252,434.029,true,5,0,66,false,jump,1.000000
1525,2863,0,296101.951,295252,849.951,true,5,0,66,false,jump,1.000000
1526,2872,0,296545.349,297741,-1195.651,true,5,0,67,false,jump,1.000000
1527,2882,0,296961.029,297741,-779.971,true,5,0,67,false,jump,1.000000
1528,2891,0,297376.701,297741,-364.299,true,5,0,67,false,jump,1.000000
1529,2901,0,297818.434,298182,-363.566,true,5,0,68,false,jump,1.000000
1530,2910,0,298234.905,298182,52.905,true,5,0,68,false,jump,1.000000
1531,2920,0,298654.881,300230,-1575.119,true,5,0,68,false,jump,1.000000
1532,2929,0,299099.033,300671,-1571.967,true,5,0,69,false,jump,1.000000
1533,2939,0,299514.718,300671,-1156.282,true,5,0,69,false,jump,1.000000
1534,2948,0,299930.405,300671,-740.595,true,5,0,69,false,jump,1.000000
1535,2957,0,300350.175,302719,-2368.825,true,5,0,69,false,jump,1.000000
1536,2967,0,300795.914,303160,-2364.086,true,5,0,70,false,jump,1.000000
1537,2976,0,301212.803,303160,-1947.197,true,5,0,70,false,jump,1.000000
1538,2986,0,301627.081,303160,-1532.919,true,5,0,70,false,jump,1.000000
1539,2995,0,302071.152,303601,-1529.848,true,5,0,71,false,jump,1.000000
1540,3005,0,302490.989,305649,-3158.011,true,5,0,71,false,jump,1.000000
1541,3014,0,302906.674,305649,-2742.326,true,5,0,71,false,jump,1.000000
1542,3024,0,303353.160,306090,-2736.840,true,5,0,72,false,jump,1.000000
1543,3033,0,303768.928,306090,-2321.072,true,5,0,72,false,jump,1.000000
1544,3042,0,304185.108,306271,-2085.892,true,5,0,72,false,jump,1.000000
1545,3052,0,304634.019,308579,-3944.981,true,5,0,73,false,jump,1.000000
1546,3062,0,305050.858,308579,-3528.142,true,5,0,73,false,jump,1.000000
1547,3071,0,305466.792,308579,-3112.208,true,5,0,73,false,jump,1.000000
1548,3080,0,305914.021,309020,-3105.979,true,5,0,74,false,jump,1.000000
1549,3090,0,306332.396,311068,-4735.604,true,5,0,74,false,jump,1.000000
1550,3099,0,306748.975,311068,-4319.025,true,5,0,74,false,jump,1.000000
1551,3109,0,307165.477,311068,-3902.523,true,5,0,74,false,jump,1.000000
1552,3118,0,307614.285,311509,-3894.715,true,5,0,75,false,jump,1.000000
1553,3128,0,308030.732,311509,-3478.268,true,5,0,75,false,jump,1.000000
1554,3137,0,308447.313,311509,-3061.687,true,5,0,75,false,jump,1.000000
1555,3147,0,308894.439,311950,-3055.561,true,5,0,76,false,jump,1.000000
1556,3156,0,309310.937,311950,-2639.063,true,5,0,76,false,jump,1.000000
1557,3165,0,309727.438,311950,-2222.562,true,5,0,76,false,jump,1.000000
1558,3175,0,310176.981,314439,-4262.019,true,5,0,77,false,jump,1.000000
1559,3184,0,310593.465,314439,-3845.535,true,5,0,77,false,jump,1.000000
1560,3195,0,311009.958,314439,-3429.042,true,5,0,77,false,jump,1.000000
1561,3203,0,311457.819,314880,-3422.181,true,5,0,78,false,jump,1.000000
1562,3213,0,311874.554,314880,-3005.446,true,5,0,78,false,jump,1.000000
1563,3222,0,312295.049,316928,-4632.951,true,5,0,78,false,jump,1.000000
1564,3232,0,312745.319,317369,-4623.681,true,5,0,79,false,jump,1.000000
1565,3241,0,313161.792,317369,-4207.208,true,5,0,79,false,jump,1.000000
1566,3251,0,313578.284,317369,-3790.716,true,5,0,79,false,jump,1.000000
1567,3260,0,313998.824,319417,-5418.176,true,5,0,79,false,jump,1.000000
1568,3270,0,314450.663,319858,-5407.337,true,5,0,80,false,jump,1.000000
1569,3279,0,314867.221,319858,-4990.779,true,5,0,80,false,jump,1.000000
1570,3288,0,315283.781,319858,-4574.219,true,5,0,80,false,jump,1.000000
1571,3298,0,315733.933,320299,-4565.067,true,5,0,81,false,jump,1.000000
1572,3307,0,316154.644,322347,-6192.356,true,5,0,81,false,jump,1.000000
1573,3317,0,316571.189,322347,-5775.811,true,5,0,81,false,jump,1.000000
1574,3327,0,317023.744,322788,-5764.256,true,5,0,82,false,jump,1.000000
1575,3336,0,317439.379,322788,-5348.621,true,5,0,82,false,jump,1.000000
1576,3345,0,317859.158,324836,-6976.842,true,5,0,82,false,jump,1.000000
1577,3355,0,318314.115,325277,-6962.885,true,5,0,83,false,jump,1.000000
1578,3364,0,318730.271,325277,-6546.729,true,5,0,83,false,jump,1.000000
1579,3374,0,319146.112,325277,-6130.888,true,5,0,83,false,jump,1.000000
1580,3383,0,319599.376,325718,-6118.624,true,5,0,84,false,jump,1.000000
1581,3392,0,320019.143,327766,-7746.857,true,5,0,84,false,jump,1.000000
1582,3402,0,320434.877,327766,-7331.123,true,5,0,84,false,jump,1.000000
1583,3411,0,320850.518,327766,-6915.482,true,5,0,84,false,jump,1.000000
1584,3421,0,321305.352,328207,-6901.648,true,5,0,85,false,jump,1.000000
1585,3430,0,321725.101,330255,-8529.899,true,5,0,85,false,jump,1.000000
1586,3440,0,322140.968,330255,-8114.032,true,5,0,85,false,jump,1.000000
1587,3449,0,322598.198,330696,-8097.802,true,5,0,86,false,jump,1.000000
1588,3459,0,323013.813,330696,-7682.187,true,5,0,86,false,jump,1.000000
1589,3468,0,323429.508,330696,-7266.492,true,5,0,86,false,jump,1.000000
1590,3477,0,323889.139,333185,-9295.861,true,5,0,87,false,jump,1.000000
1591,3487,0,324304.859,333185,-8880.141,true,5,0,87,false,jump,1.000000
1592,3496,0,324720.502,333185,-8464.498,true,5,0,87,false,jump,1.000000
1593,3506,0,325178.433,333626,-8447.567,true,5,0,88,false,jump,1.000000
1594,3515,0,325598.173,335674,-10075.827,true,5,0,88,false,jump,1.000000
1595,3525,0,326013.828,335674,-9660.172,true,5,0,88,false,jump,1.000000
1596,3534,0,326474.150,336115,-9640.850,true,5,0,89,false,jump,1.000000
1597,3544,0,326889.772,336115,-9225.228,true,5,0,89,false,jump,1.000000
1598,3553,0,327305.513,336115,-8809.487,true,5,0,89,false,jump,1.000000
1599,3562,0,327725.238,338163,-10437.762,true,5,0,89,false,jump,1.000000
1600,3572,0,328187.115,338604,-10416.885,true,5,0,90,false,jump,1.000000
1601,3581,0,328602.726,338604,-10001.274,true,5,0,90,false,jump,1.000000
1602,3591,0,329018.424,338604,-9585.576,true,5,0,90,false,jump,1.000000
1603,3600,0,329482.693,341093,-11610.307,true,5,0,91,false,jump,1.000000
1604,3610,0,329898.483,341093,-11194.517,true,5,0,91,false,jump,1.000000
1605,3619,0,330314.084,341093,-10778.916,true,5,0,91,false,jump,1.000000
1606,3629,0,330776.643,341534,-10757.357,true,5,0,92,false,jump,1.000000
1607,3638,0,331192.369,341534,-10341.631,true,5,0,92,false,jump,1.000000
1608,3647,0,331608.131,341534,-9925.869,true,5,0,92,false,jump,1.000000
1609,3657,0,332068.985,341975,-9906.015,true,5,0,93,false,jump,1.000000
1610,3666,0,332484.609,341975,-9490.391,true,5,0,93,false,jump,1.000000
1611,3676,0,332900.636,341975,-9074.364,true,5,0,93,false,jump,1.000000
1612,3685,0,333320.365,344023,-10702.635,true,5,0,93,false,jump,1.000000
1613,3695,0,333782.772,344464,-10681.228,true,5,0,94,false,jump,1.000000
1614,3704,0,334198.465,344464,-10265.535,true,5,0,94,false,jump,1.000000
1615,3714,0,334614.109,344464,-9849.891,true,5,0,94,false,jump,1.000000
1616,3723,0,335074.810,344905,-9830.190,true,5,0,95,false,jump,1.000000
1617,3732,0,335494.799,346953,-11458.201,true,5,0,95,false,jump,1.000000
1618,3742,0,335910.419,346953,-11042.581,true,5,0,95,false,jump,1.000000
1619,3751,0,336373.506,347394,-11020.494,true,5,0,96,false,jump,1.000000
1620,3761,0,336789.152,347394,-10604.848,true,5,0,96,false,jump,1.000000
1621,3770,0,337208.979,349442,-12233.021,true,5,0,96,false,jump,1.000000
1622,3780,0,337674.447,349883,-12208.553,true,5,0,97,false,jump,1.000000
1623,3789,0,338090.068,349883,-11792.932,true,5,0,97,false,jump,1.000000
1624,3799,0,338505.766,349883,-11377.234,true,5,0,97,false,jump,1.000000
1625,3808,0,338969.522,350324,-11354.478,true,5,0,98,false,jump,1.000000
1626,3817,0,339389.303,352372,-12982.697,true,5,0,98,false,jump,1.000000
1627,3827,0,339804.982,352372,-12567.018,true,5,0,98,false,jump,1.000000
1628,3836,0,340221.084,352372,-12150.916,true,5,0,98,false,jump,1.000000
1629,3846,0,340686.387,352813,-12126.613,true,5,0,99,false,jump,1.000000
1630,3856,0,354870.423,354861,9.423,true,5,0,99,false,jump,1.000000
1631,3865,0,355286.374,354861,425.374,true,5,0,99,false,jump,1.000000
1632,3874,0,355726.525,355302,424.525,true,5,0,100,false,jump,1.000000
1633,3884,0,356142.512,355302,840.512,true,5,0,100,false,jump,1.000000
1634,3893,0,356558.459,355302,1256.459,true,5,0,100,false,jump,1.000000
1635,3903,0,357001.044,357791,-789.956,true,5,0,101,false,jump,1.000000
1636,3912,0,357416.898,357791,-374.102,true,5,0,101,false,jump,1.000000
1637,3921,0,357832.619,357791,41.619,true,5,0,101,false,jump,1.000000
1638,3931,0,358273.537,358232,41.537,true,5,0,102,false,jump,1.000000
1639,3940,0,358693.286,360280,-1586.714,true,5,0,102,false,jump,1.000000
1640,3950,0,359109.263,360280,-1170.737,true,5,0,102,false,jump,1.000000
1641,3959,0,359552.608,360721,-1168.392,true,5,0,103,false,jump,1.000000
1642,3969,0,359968.399,360721,-752.601,true,5,0,103,false,jump,1.000000
1643,3978,0,360384.879,360721,-336.121,true,5,0,103,false,jump,1.000000
1644,3988,0,360804.930,362769,-1964.070,true,5,0,103,false,jump,1.000000
1645,3997,0,361249.860,363210,-1960.140,true,5,0,104,false,jump,1.000000
1646,4006,0,361666.467,363210,-1543.533,true,5,0,104,false,jump,1.000000
1647,4016,0,362082.149,363210,-1127.851,true,5,0,104,false,jump,1.000000
1648,4025,0,362529.502,365699,-3169.498,true,5,0,105,false,jump,1.000000
1649,4035,0,362945.398,365699,-2753.602,true,5,0,105,false,jump,1.000000
1650,4044,0,363361.356,365699,-2337.644,true,5,0,105,false,jump,1.000000
1651,4054,0,363807.034,366140,-2332.966,true,5,0,106,false,jump,1.000000
1652,4063,0,364222.904,366140,-1917.096,true,5,0,106,false,jump,1.000000
1653,4073,0,364643.583,368188,-3544.417,true,5,0,106,false,jump,1.000000
1654,4082,0,365091.676,368629,-3537.324,true,5,0,107,false,jump,1.000000
1655,4092,0,365508.083,368629,-3120.917,true,5,0,107,false,jump,1.000000
1656,4101,0,365924.527,368629,-2704.473,true,5,0,107,false,jump,1.000000
1657,4110,0,366375.034,371118,-4742.966,true,5,0,108,false,jump,1.000000
1658,4121,0,366791.448,371118,-4326.552,true,5,0,108,false,jump,1.000000
1659,4129,0,367207.877,371118,-3910.123,true,5,0,108,false,jump,1.000000
1660,4139,0,367623.856,371118,-3494.144,true,5,0,108,false,jump,1.000000
1661,4148,0,368071.847,371559,-3487.153,true,5,0,109,false,jump,1.000000
1662,4158,0,368491.734,373607,-5115.266,true,5,0,109,false,jump,1.000000
1663,4167,0,368907.491,373607,-4699.509,true,5,0,109,false,jump,1.000000
1664,4177,0,369357.893,374048,-4690.107,true,5,0,110,false,jump,1.000000
1665,4186,0,369773.570,374048,-4274.430,true,5,0,110,false,jump,1.000000
1666,4196,0,370189.250,374048,-3858.750,true,5,0,110,false,jump,1.000000
1667,4205,0,370637.971,374489,-3851.029,true,5,0,111,false,jump,1.000000
1668,4214,0,371054.315,374489,-3434.685,true,5,0,111,false,jump,1.000000
1669,4224,0,371469.949,374489,-3019.051,true,5,0,111,false,jump,1.000000
1670,4233,0,371916.989,374930,-3013.011,true,5,0,112,false,jump,1.000000
1671,4243,0,372336.891,376978,-4641.109,true,5,0,112,false,jump,1.000000
1672,4253,0,372753.418,376978,-4224.582,true,5,0,112,false,jump,1.000000
1673,4262,0,373202.870,377419,-4216.130,true,5,0,113,false,jump,1.000000
1674,4271,0,373619.328,377419,-3799.672,true,5,0,113,false,jump,1.000000
1675,4281,0,374039.332,379467,-5427.668,true,5,0,113,false,jump,1.000000
1676,4290,0,374454.976,379467,-5012.024,true,5,0,113,false,jump,1.000000
1677,4300,0,374906.001,379908,-5001.999,true,5,0,114,false,jump,1.000000
1678,4309,0,375321.613,379908,-4586.387,true,5,0,114,false,jump,1.000000
1679,4318,0,375737.242,379908,-4170.758,true,5,0,114,false,jump,1.000000
1680,4328,0,376190.681,382397,-6206.319,true,5,0,115,false,jump,1.000000
1681,4337,0,376606.330,382397,-5790.670,true,5,0,115,false,jump,1.000000
1682,4347,0,377021.415,382397,-5375.585,true,5,0,115,false,jump,1.000000
1683,4356,0,377473.168,382838,-5364.832,true,5,0,116,false,jump,1.000000
1684,4366,0,377892.935,384886,-6993.065,true,5,0,116,false,jump,1.000000
1685,4375,0,378308.574,384886,-6577.426,true,5,0,116,false,jump,1.000000
1686,4385,0,378762.730,385327,-6564.270,true,5,0,117,false,jump,1.000000
1687,4394,0,379179.038,385327,-6147.962,true,5,0,117,false,jump,1.000000
1688,4403,0,379595.602,385327,-5731.398,true,5,0,117,false,jump,1.000000
1689,4413,0,380052.163,387816,-7763.837,true,5,0,118,false,jump,1.000000
1690,4422,0,380468.634,387816,-7347.366,true,5,0,118,false,jump,1.000000
1691,4432,0,380882.759,387816,-6933.241,true,5,0,118,false,jump,1.000000
1692,4441,0,381299.205,387816,-6516.795,true,5,0,118,false,jump,1.000000
1693,4451,0,381753.929,388606,-6852.071,true,5,0,119,false,jump,1.000000
1694,4460,0,382173.171,390305,-8131.829,true,5,0,119,false,jump,1.000000
1695,4470,0,382589.008,390305,-7715.992,true,5,0,119,false,jump,1.000000
1696,4479,0,383045.443,390746,-7700.557,true,5,0,120,false,jump,1.000000
1697,4488,0,383461.865,390746,-7284.135,true,5,0,120,false,jump,1.000000
1698,4498,0,383882.502,392794,-8911.498,true,5,0,120,false,jump,1.000000
1699,4507,0,384341.329,393235,-8893.671,true,5,0,121,false,jump,1.000000
1700,4518,0,384757.839,393235,-8477.161,true,5,0,121,false,jump,1.000000
1701,4526,0,385174.308,393235,-8060.692,true,5,0,121,false,jump,1.000000
1702,4536,0,385631.433,393676,-8044.567,true,5,0,122,false,jump,1.000000
1703,4545,0,386052.005,395724,-9671.995,true,5,0,122,false,jump,1.000000
1704,4555,0,386468.395,395724,-9255.605,true,5,0,122,false,jump,1.000000
1705,4564,0,386927.907,396165,-9237.093,true,5,0,123,false,jump,1.000000
1706,4574,0,387344.469,396165,-8820.531,true,5,0,123,false,jump,1.000000
1707,4583,0,387764.249,398213,-10448.751,true,5,0,123,false,jump,1.000000
1708,4593,0,388180.723,398213,-10032.277,true,5,0,123,false,jump,1.000000
1709,4602,0,388641.791,398654,-10012.209,true,5,0,124,false,jump,1.000000
1710,4611,0,389058.249,398654,-9595.751,true,5,0,124,false,jump,1.000000
1711,4621,0,389473.995,398654,-9180.005,true,5,0,124,false,jump,1.000000
1712,4630,0,389937.455,401143,-11205.545,true,5,0,125,false,jump,1.000000
1713,4640,0,390353.484,401143,-10789.516,true,5,0,125,false,jump,1.000000
1714,4650,0,390770.763,401143,-10372.237,true,5,0,125,false,jump,1.000000
1715,4659,0,391232.512,401584,-10351.488,true,5,0,126,false,jump,1.000000
1716,4668,0,391652.333,403632,-11979.667,true,5,0,126,false,jump,1.000000
1717,4678,0,392068.377,403632,-11563.623,true,5,0,126,false,jump,1.000000
1718,4687,0,392532.506,404073,-11540.494,true,5,0,127,false,jump,1.000000
1719,4697,0,392948.167,404073,-11124.833,true,5,0,127,false,jump,1.000000
1720,4706,0,393363.886,404073,-10709.114,true,5,0,127,false,jump,1.000000
1721,4715,0,393779.768,404073,-10293.232,true,5,0,127,false,jump,1.000000
1722,4725,0,394241.357,404514,-10272.643,true,5,0,128,false,jump,1.000000
1723,4734,0,394657.042,404514,-9856.958,true,5,0,128,false,jump,1.000000
1724,4744,0,395073.080,404514,-9440.920,true,5,0,128,false,jump,1.000000
1725,4753,0,395537.060,407003,-11465.940,true,5,0,129,false,jump,1.000000
1726,4763,0,395953.378,407003,-11049.622,true,5,0,129,false,jump,1.000000
1727,4772,0,396369.963,407003,-10633.037,true,5,0,129,false,jump,1.000000
1728,4782,0,396832.232,407444,-10611.768,true,5,0,130,false,jump,1.000000
1729,4791,0,397248.673,407444,-10195.327,true,5,0,130,false,jump,1.000000
1730,4801,0,397669.355,409492,-11822.645,true,5,0,130,false,jump,1.000000
1731,4810,0,398134.003,409933,-11798.997,true,5,0,131,false,jump,1.000000
1732,4819,0,398550.000,409933,-11383.000,true,5,0,131,false,jump,1.000000
1733,4829,0,398966.727,409933,-10966.273,true,6,0,131,false,jump,1.000000
1734,4838,0,399433.758,412422,-12988.242,true,6,0,132,false,jump,1.000000
1735,4848,0,399849.451,412422,-12572.549,true,6,0,132,false,jump,1.000000
1736,4857,0,400265.134,412422,-12156.866,true,6,0,132,false,jump,1.000000
1737,4867,0,400680.867,412422,-11741.133,true,6,0,132,false,jump,1.000000
1738,4876,0,401145.351,412863,-11717.649,true,6,0,133,false,jump,1.000000
1739,4886,0,414912.676,414911,1.676,true,6,0,133,false,jump,1.000000
1740,4895,0,415328.152,414911,417.152,true,6,0,133,false,jump,1.000000
1741,4905,0,415768.320,415352,416.320,true,6,0,134,false,jump,1.000000
1742,4914,0,416184.497,415352,832.497,true,6,0,134,false,jump,1.000000
1743,4923,0,416604.223,417400,-795.777,true,6,0,134,false,jump,1.000000
1744,4933,0,417046.817,417841,-794.183,true,6,0,135,false,jump,1.000000
1745,4942,0,417462.732,417841,-378.268,true,6,0,135,false,jump,1.000000
1746,4952,0,417878.413,417841,37.413,true,6,0,135,false,jump,1.000000
1747,4961,0,418319.342,418282,37.342,true,6,0,136,false,jump,1.000000
1748,4971,0,418739.230,420330,-1590.770,true,6,0,136,false,jump,1.000000
1749,4980,0,419154.868,420330,-1175.132,true,6,0,136,false,jump,1.000000
1750,4990,0,419598.220,420771,-1172.780,true,6,0,137,false,jump,1.000000
1751,4999,0,420014.053,420771,-756.947,true,6,0,137,false,jump,1.000000
1752,5008,0,420433.815,422819,-2385.185,true,6,0,137,false,jump,1.000000
1753,5018,0,420849.671,422819,-1969.329,true,6,0,137,false,jump,1.000000
1754,5027,0,421294.614,423260,-1965.386,true,6,0,138,false,jump,1.000000
1755,5037,0,421710.416,423260,-1549.584,true,6,0,138,false,jump,1.000000
1756,5047,0,422126.892,423260,-1133.108,true,6,0,138,false,jump,1.000000
1757,5056,0,422574.256,425749,-3174.744,true,6,0,139,false,jump,1.000000
1758,5065,0,422990.241,425749,-2758.759,true,6,0,139,false,jump,1.000000
1759,5075,0,423405.783,425749,-2343.217,true,6,0,139,false,jump,1.000000
1760,5084,0,423851.473,426190,-2338.527,true,6,0,140,false,jump,1.000000
1761,5093,0,424271.258,428238,-3966.742,true,6,0,140,false,jump,1.000000
1762,5103,0,424687.012,428238,-3550.988,true,6,0,140,false,jump,1.000000
1763,5112,0,425135.116,428679,-3543.884,true,6,0,141,false,jump,1.000000
1764,5122,0,425550.959,428679,-3128.041,true,6,0,141,false,jump,1.000000
1765,5131,0,425966.879,428679,-2712.121,true,6,0,141,false,jump,1.000000
1766,5141,0,426417.401,431168,-4750.599,true,6,0,142,false,jump,1.000000
1767,5150,0,426833.369,431168,-4334.631,true,6,0,142,false,jump,1.000000
1768,5160,0,427249.045,431168,-3918.955,true,6,0,142,false,jump,1.000000
1769,5169,0,427664.677,431168,-3503.323,true,6,0,142,false,jump,1.000000
1770,5179,0,428116.782,433657,-5540.218,true,6,0,143,false,jump,1.000000
1771,5188,0,428532.468,433657,-5124.532,true,6,0,143,false,jump,1.000000
1772,5197,0,428948.266,433657,-4708.734,true,6,0,143,false,jump,1.000000
1773,5207,0,429398.686,434098,-4699.314,true,6,0,144,false,jump,1.000000
1774,5216,0,429814.362,434098,-4283.638,true,6,0,144,false,jump,1.000000
1775,5226,0,430230.202,434098,-3867.798,true,6,0,144,false,jump,1.000000
1776,5235,0,430678.939,434539,-3860.061,true,6,0,145,false,jump,1.000000
1777,5245,0,431094.612,434539,-3444.388,true,6,0,145,false,jump,1.000000
1778,5254,0,431510.347,434539,-3028.653,true,6,0,145,false,jump,1.000000
1779,5264,0,431961.502,437028,-5066.498,true,6,0,146,false,jump,1.000000
1780,5273,0,432377.330,437028,-4650.670,true,6,0,146,false,jump,1.000000
1781,5282,0,432793.731,437028,-4234.269,true,6,0,146,false,jump,1.000000
1782,5292,0,433243.202,437469,-4225.798,true,6,0,147,false,jump,1.000000
1783,5301,0,433659.747,437469,-3809.253,true,6,0,147,false,jump,1.000000
1784,5311,0,434080.318,439517,-5436.682,true,6,0,147,false,jump,1.000000
1785,5320,0,434496.684,439517,-5020.316,true,6,0,147,false,jump,1.000000
1786,5330,0,434947.728,439958,-5010.272,true,6,0,148,false,jump,1.000000
1787,5339,0,435364.182,439958,-4593.818,true,6,0,148,false,jump,1.000000
1788,5349,0,435784.726,442006,-6221.274,true,6,0,148,false,jump,1.000000
1789,5358,0,436238.172,442447,-6208.828,true,6,0,149,false,jump,1.000000
1790,5368,0,436654.689,442447,-5792.311,true,6,0,149,false,jump,1.000000
1791,5377,0,437071.155,442447,-5375.845,true,6,0,149,false,jump,1.000000
1792,5387,0,437522.910,442888,-5365.090,true,6,0,150,false,jump,1.000000
1793,5396,0,437942.780,444936,-6993.220,true,6,0,150,false,jump,1.000000
1794,5405,0,438358.714,444936,-6577.286,true,6,0,150,false,jump,1.000000
1795,5415,0,438812.870,445377,-6564.130,true,6,0,151,false,jump,1.000000
1796,5424,0,439228.656,445377,-6148.344,true,6,0,151,false,jump,1.000000
1797,5434,0,439648.336,447425,-7776.664,true,6,0,151,false,jump,1.000000
1798,5444,0,440104.893,447866,-7761.107,true,6,0,152,false,jump,1.000000
1799,5453,0,440521.157,447866,-7344.843,true,6,0,152,false,jump,1.000000
1800,5462,0,440936.720,447866,-6929.280,true,6,0,152,false,jump,1.000000
1801,5472,0,441352.641,447866,-6513.359,true,6,0,152,false,jump,1.000000
1802,5481,0,441810.765,450355,-8544.235,true,6,0,153,false,jump,1.000000
1803,5490,0,442226.585,450355,-8128.415,true,6,0,153,false,jump,1.000000
1804,5500,0,442642.400,450355,-7712.600,true,6,0,153,false,jump,1.000000
1805,5509,0,443098.828,450796,-7697.172,true,6,0,154,false,jump,1.000000
1806,5519,0,443518.601,452844,-9325.399,true,6,0,154,false,jump,1.000000
1807,5528,0,443934.342,452844,-8909.658,true,6,0,154,false,jump,1.000000
1808,5538,0,444393.163,453285,-8891.837,true,6,0,155,false,jump,1.000000
1809,5547,0,444809.319,453285,-8475.681,true,6,0,155,false,jump,1.000000
1810,5557,0,445225.225,453285,-8059.775,true,6,0,155,false,jump,1.000000
1811,5566,0,445686.443,455774,-10087.557,true,6,0,156,false,jump,1.000000
1812,5576,0,446102.170,455774,-9671.830,true,6,0,156,false,jump,1.000000
1813,5585,0,446517.873,455774,-9256.127,true,6,0,156,false,jump,1.000000
1814,5594,0,446977.389,456215,-9237.611,true,6,0,157,false,jump,1.000000
1815,5604,0,447397.260,458263,-10865.740,true,6,0,157,false,jump,1.000000
1816,5613,0,447813.740,458263,-10449.260,true,6,0,157,false,jump,1.000000
1817,5623,0,448229.604,458263,-10033.396,true,6,0,157,false,jump,1.000000
1818,5632,0,448690.673,458704,-10013.327,true,6,0,158,false,jump,1.000000
1819,5642,0,449107.098,458704,-9596.902,true,6,0,158,false,jump,1.000000
1820,5651,0,449527.083,460752,-11224.917,true,6,0,158,false,jump,1.000000
1821,5661,0,449990.536,461193,-11202.464,true,6,0,159,false,jump,1.000000
1822,5670,0,450407.064,461193,-10785.936,true,6,0,159,false,jump,1.000000
1823,5679,0,450822.807,461193,-10370.193,true,6,0,159,false,jump,1.000000
1824,5689,0,451288.645,463682,-12393.355,true,6,0,160,false,jump,1.000000
1825,5698,0,451704.470,463682,-11977.530,true,6,0,160,false,jump,1.000000
1826,5708,0,452120.260,463682,-11561.740,true,6,0,160,false,jump,1.000000
1827,5717,0,452584.385,464123,-11538.615,true,6,0,161,false,jump,1.000000
1828,5727,0,453000.043,464123,-11122.957,true,6,0,161,false,jump,1.000000
1829,5736,0,453420.033,466171,-12750.967,true,6,0,161,false,jump,1.000000
1830,5746,0,453835.952,466171,-12335.048,true,6,0,161,false,jump,1.000000
1831,5755,0,454301.625,466612,-12310.375,true,6,0,162,false,jump,1.000000
1832,5765,0,454717.245,466612,-11894.755,true,6,0,162,false,jump,1.000000
1833,5774,0,455132.928,466612,-11479.072,true,6,0,162,false,jump,1.000000
1834,5783,0,455596.890,467053,-11456.110,true,6,0,163,false,jump,1.000000
1835,5793,0,456012.622,467053,-11040.378,true,6,0,163,false,jump,1.000000
1836,5802,0,456428.276,467053,-10624.724,true,6,0,163,false,jump,1.000000
1837,5812,0,456890.529,467494,-10603.471,true,6,0,164,false,jump,1.000000
1838,5821,0,457310.391,469542,-12231.609,true,6,0,164,false,jump,1.000000
1839,5831,0,457726.007,469542,-11815.993,true,6,0,164,false,jump,1.000000
1840,5840,0,458190.641,469983,-11792.359,true,6,0,165,false,jump,1.000000
1841,5850,0,458606.350,469983,-11376.650,true,6,0,165,false,jump,1.000000
1842,5859,0,459026.517,472031,-13004.483,true,6,0,165,false,jump,1.000000
1843,5868,0,459493.530,472472,-12978.470,true,6,0,166,false,jump,1.000000
1844,5878,0,459910.101,472472,-12561.899,true,6,0,166,false,jump,1.000000
1845,5887,0,460326.573,472472,-12145.427,true,6,0,166,false,jump,1.000000
1846,5897,0,460740.602,472472,-11731.398,true,6,0,166,false,jump,1.000000
1847,5906,0,474954.930,474961,-6.070,true,6,0,167,false,jump,1.000000
1848,5916,0,475371.458,474961,410.458,true,6,0,167,false,jump,1.000000
1849,5925,0,475787.891,474961,826.891,true,6,0,167,false,jump,1.000000
1850,5935,0,476227.239,475402,825.239,true,6,0,168,false,jump,1.000000
1851,5944,0,476646.923,477450,-803.077,true,6,0,168,false,jump,1.000000
1852,5953,0,477063.032,477450,-386.968,true,6,0,168,false,jump,1.000000
1853,5963,0,477504.809,477891,-386.191,true,6,0,169,false,jump,1.000000
1854,5973,0,477920.669,477891,29.669,true,6,0,169,false,jump,1.000000
1855,5982,0,478336.382,477891,445.382,true,6,0,169,false,jump,1.000000
1856,5991,0,478780.589,480380,-1599.411,true,6,0,170,false,jump,1.000000
1857,6001,0,479196.280,480380,-1183.720,true,6,0,170,false,jump,1.000000
1858,6010,0,479612.019,480380,-767.981,true,6,0,170,false,jump,1.000000
1859,6020,0,480054.557,480821,-766.443,true,6,0,171,false,jump,1.000000
1860,6029,0,480470.285,480821,-350.715,true,6,0,171,false,jump,1.000000
1861,6039,0,480890.078,482869,-1978.922,true,6,0,171,false,jump,1.000000
1862,6048,0,481305.795,482869,-1563.205,true,6,0,171,false,jump,1.000000
1863,6057,0,481749.923,483310,-1560.077,true,6,0,172,false,jump,1.000000
1864,6067,0,482165.551,483310,-1144.449,true,6,0,172,false,jump,1.000000
1865,6076,0,482585.372,485358,-2772.628,true,6,0,172,false,jump,1.000000
1866,6086,0,483031.919,485799,-2767.081,true,6,0,173,false,jump,1.000000
1867,6095,0,483448.438,485799,-2350.562,true,6,0,173,false,jump,1.000000
1868,6105,0,483864.123,485799,-1934.877,true,6,0,173,false,jump,1.000000
1869,6114,0,484308.994,486240,-1931.006,true,6,0,174,false,jump,1.000000
1870,6124,0,484729.570,488288,-3558.430,true,6,0,174,false,jump,1.000000
1871,6133,0,485145.232,488288,-3142.768,true,6,0,174,false,jump,1.000000
1872,6142,0,485592.520,488729,-3136.480,true,6,0,175,false,jump,1.000000
1873,6152,0,486008.456,488729,-2720.544,true,6,0,175,false,jump,1.000000
1874,6161,0,486428.235,490777,-4348.765,true,6,0,175,false,jump,1.000000
1875,6171,0,486877.934,491218,-4340.066,true,6,0,176,false,jump,1.000000
1876,6180,0,487293.919,491218,-3924.081,true,6,0,176,false,jump,1.000000
1877,6190,0,487709.652,491218,-3508.348,true,6,0,176,false,jump,1.000000
1878,6199,0,488125.367,491218,-3092.633,true,6,0,176,false,jump,1.000000
1879,6209,0,488576.648,493706,-5129.352,true,6,0,177,false,jump,1.000000
1880,6218,0,488992.307,493706,-4713.693,true,6,0,177,false,jump,1.000000
1881,6227,0,489408.185,493706,-4297.815,true,6,0,177,false,jump,1.000000
1882,6237,0,489857.782,494147,-4289.218,true,6,0,178,false,jump,1.000000
1883,6246,0,490277.654,496195,-5917.346,true,6,0,178,false,jump,1.000000
1884,6256,0,490693.371,496195,-5501.629,true,6,0,178,false,jump,1.000000
1885,6265,0,491145.376,496636,-5490.624,true,6,0,179,false,jump,1.000000
1886,6275,0,491561.160,496636,-5074.840,true,6,0,179,false,jump,1.000000
1887,6284,0,491976.925,496636,-4659.075,true,6,0,179,false,jump,1.000000
1888,6294,0,492427.245,497077,-4649.755,true,6,0,180,false,jump,1.000000
1889,6303,0,492843.052,497077,-4233.948,true,6,0,180,false,jump,1.000000
1890,6312,0,493258.804,497077,-3818.196,true,6,0,180,false,jump,1.000000
1891,6322,0,493707.442,497518,-3810.558,true,6,0,181,false,jump,1.000000
1892,6331,0,494127.231,499566,-5438.769,true,6,0,181,false,jump,1.000000
1893,6341,0,494541.246,499566,-5024.754,true,6,0,181,false,jump,1.000000
1894,6350,0,494956.951,499566,-4609.049,true,6,0,181,false,jump,1.000000
1895,6360,0,495407.170,500007,-4599.830,true,6,0,182,false,jump,1.000000
1896,6369,0,495822.879,500007,-4184.121,true,6,0,182,false,jump,1.000000
1897,6379,0,496242.797,502055,-5812.203,true,6,0,182,false,jump,1.000000
1898,6388,0,496695.423,502496,-5800.577,true,6,0,183,false,jump,1.000000
1899,6397,0,497112.547,502496,-5383.453,true,6,0,183,false,jump,1.000000
1900,6407,0,497527.813,502496,-4968.187,true,6,0,183,false,jump,1.000000
1901,6416,0,497982.847,504985,-7002.153,true,6,0,184,false,jump,1.000000
1902,6426,0,498396.699,504985,-6588.301,true,6,0,184,false,jump,1.000000
1903,6435,0,498813.173,504985,-6171.827,true,6,0,184,false,jump,1.000000
1904,6445,0,499266.519,505426,-6159.481,true,6,0,185,false,jump,1.000000
1905,6454,0,499682.288,505426,-5743.712,true,6,0,185,false,jump,1.000000
1906,6464,0,500102.164,507474,-7371.836,true,6,0,185,false,jump,1.000000
1907,6473,0,500557.909,507915,-7357.091,true,6,0,186,false,jump,1.000000
1908,6482,0,500973.639,507915,-6941.361,true,6,0,186,false,jump,1.000000
1909,6492,0,501390.136,507915,-6524.864,true,6,0,186,false,jump,1.000000
1910,6502,0,501809.947,509963,-8153.053,true,6,0,186,false,jump,1.000000
1911,6511,0,502267.256,510404,-8136.744,true,6,0,187,false,jump,1.000000
1912,6520,0,502683.968,510404,-7720.032,true,6,0,187,false,jump,1.000000
1913,6530,0,503100.404,510404,-7303.596,true,6,0,187,false,jump,1.000000
1914,6539,0,503556.012,510845,-7288.988,true,6,0,188,false,jump,1.000000
1915,6549,0,503975.940,512893,-8917.060,true,6,0,188,false,jump,1.000000
1916,6558,0,504391.611,512893,-8501.389,true,6,0,188,false,jump,1.000000
1917,6568,0,504849.616,513334,-8484.384,true,6,0,189,false,jump,1.000000
1918,6577,0,505266.257,513334,-8067.743,true,6,0,189,false,jump,1.000000
1919,6586,0,505686.491,515382,-9695.509,true,6,0,189,false,jump,1.000000
1920,6596,0,506146.885,515823,-9676.115,true,6,0,190,false,jump,1.000000
1921,6605,0,506562.592,515823,-9260.408,true,6,0,190,false,jump,1.000000
1922,6615,0,506978.438,515823,-8844.562,true,6,0,190,false,jump,1.000000
1923,6624,0,507437.129,516264,-8826.871,true,6,0,191,false,jump,1.000000
1924,6634,0,507856.917,518312,-10455.083,true,6,0,191,false,jump,1.000000
1925,6643,0,508272.633,518312,-10039.367,true,6,0,191,false,jump,1.000000
1926,6653,0,508688.366,518312,-9623.634,true,6,0,191,false,jump,1.000000
1927,6662,0,509148.615,518753,-9604.385,true,6,0,192,false,jump,1.000000
1928,6671,0,509568.457,520801,-11232.543,true,6,0,192,false,jump,1.000000
1929,6681,0,509984.382,520801,-10816.618,true,6,0,192,false,jump,1.000000
1930,6690,0,510447.017,521242,-10794.983,true,6,0,193,false,jump,1.000000
1931,6700,0,510862.991,521242,-10379.009,true,6,0,193,false,jump,1.000000
1932,6709,0,511278.664,521242,-9963.336,true,6,0,193,false,jump,1.000000
1933,6719,0,511743.688,523731,-11987.312,true,6,0,194,false,jump,1.000000
1934,6728,0,512159.535,523731,-11571.465,true,6,0,194,false,jump,1.000000
1935,6738,0,512575.416,523731,-11155.584,true,6,0,194,false,jump,1.000000
1936,6747,0,513038.729,524172,-11133.271,true,6,0,195,false,jump,1.000000
1937,6757,0,513458.512,526220,-12761.488,true,6,0,195,false,jump,1.000000
1938,6766,0,513874.483,526220,-12345.517,true,6,0,195,false,jump,1.000000
1939,6775,0,514290.516,526220,-11929.484,true,6,0,195,false,jump,1.000000
1940,6785,0,514755.376,526661,-11905.624,true,6,0,196,false,jump,1.000000
1941,6794,0,515171.144,526661,-11489.856,true,6,0,196,false,jump,1.000000
1942,6804,0,515586.979,526661,-11074.021,true,6,0,196,false,jump,1.000000
1943,6813,0,516050.132,527102,-11051.868,true,6,0,197,false,jump,1.000000
1944,6823,0,516466.040,527102,-10635.960,true,6,0,197,false,jump,1.000000
1945,6832,0,516881.972,527102,-10220.028,true,6,0,197,false,jump,1.000000
1946,6842,0,517347.510,529591,-12243.490,true,6,0,198,false,jump,1.000000
1947,6851,0,517763.302,529591,-11827.698,true,6,0,198,false,jump,1.000000
1948,6860,0,518179.143,529591,-11411.857,true,6,0,198,false,jump,1.000000
1949,6870,0,518642.970,530032,-11389.030,true,6,0,199,false,jump,1.000000
1950,6879,0,519059.494,530032,-10972.506,true,6,0,199,false,jump,1.000000
1951,6889,0,519479.360,532080,-12600.640,true,6,0,199,false,jump,1.000000
1952,6899,0,519945.565,532521,-12575.435,true,6,0,200,false,jump,1.000000
1953,6908,0,520361.285,532521,-12159.715,true,6,0,200,false,jump,1.000000
1954,6917,0,520776.970,532521,-11744.030,true,6,0,200,false,jump,1.000000
1955,6927,0,534583.099,534569,14.099,true,6,0,200,false,jump,1.000000
1956,6936,0,535024.072,535010,14.072,true,7,0,201,false,jump,1.000000
1957,6946,0,535439.847,535010,429.847,true,7,0,201,false,jump,1.000000
1958,6955,0,535855.734,535010,845.734,true,7,0,201,false,jump,1.000000
1959,6964,0,536295.046,535451,844.046,true,7,0,202,false,jump,1.000000
1960,6974,0,536715.601,537499,-783.399,true,7,0,202,false,jump,1.000000
1961,6983,0,537131.571,537499,-367.429,true,7,0,202,false,jump,1.000000
1962,6993,0,537573.309,537940,-366.691,true,7,0,203,false,jump,1.000000
1963,7002,0,537988.972,537940,48.972,true,7,0,203,false,jump,1.000000
1964,7012,0,538408.702,539988,-1579.298,true,7,0,203,false,jump,1.000000
1965,7021,0,538852.864,540429,-1576.136,true,7,0,204,false,jump,1.000000
1966,7031,0,539268.615,540429,-1160.385,true,7,0,204,false,jump,1.000000
1967,7040,0,539684.406,540429,-744.594,true,7,0,204,false,jump,1.000000
1968,7049,0,540126.897,540870,-743.103,true,7,0,205,false,jump,1.000000
1969,7059,0,540546.773,542918,-2371.227,true,7,0,205,false,jump,1.000000
1970,7068,0,540963.482,542918,-1954.518,true,7,0,205,false,jump,1.000000
1971,7078,0,541379.367,542918,-1538.633,true,7,0,205,false,jump,1.000000
1972,7087,0,541823.448,543359,-1535.552,true,7,0,206,false,jump,1.000000
1973,7097,0,542243.097,545407,-3163.903,true,7,0,206,false,jump,1.000000
1974,7106,0,542658.730,545407,-2748.270,true,7,0,206,false,jump,1.000000
1975,7116,0,543105.229,545848,-2742.771,true,7,0,207,false,jump,1.000000
1976,7125,0,543521.700,545848,-2326.300,true,7,0,207,false,jump,1.000000
1977,7135,0,543937.837,545848,-1910.163,true,7,0,207,false,jump,1.000000
1978,7144,0,544386.757,548337,-3950.243,true,7,0,208,false,jump,1.000000
1979,7153,0,544802.644,548337,-3534.356,true,7,0,208,false,jump,1.000000
1980,7163,0,545218.442,548337,-3118.558,true,7,0,208,false,jump,1.000000
1981,7172,0,545665.683,548778,-3112.317,true,7,0,209,false,jump,1.000000
1982,7182,0,546085.702,550826,-4740.298,true,7,0,209,false,jump,1.000000
1983,7191,0,546502.101,550826,-4323.899,true,7,0,209,false,jump,1.000000
1984,7201,0,546951.752,551267,-4315.248,true,7,0,210,false,jump,1.000000
1985,7210,0,547368.213,551267,-3898.787,true,7,0,210,false,jump,1.000000
1986,7220,0,547784.812,551267,-3482.188,true,7,0,210,false,jump,1.000000
1987,7229,0,548205.309,553315,-5109.691,true,7,0,210,false,jump,1.000000
1988,7239,0,548656.532,553756,-5099.468,true,7,0,211,false,jump,1.000000
1989,7248,0,549072.314,553756,-4683.686,true,7,0,211,false,jump,1.000000
1990,7257,0,549488.021,553756,-4267.979,true,7,0,211,false,jump,1.000000
1991,7267,0,549941.113,555976,-6034.887,true,7,0,212,false,jump,1.000000
1992,7276,0,550358.228,556245,-5886.772,true,7,0,212,false,jump,1.000000
1993,7286,0,550774.017,556245,-5470.983,true,7,0,212,false,jump,1.000000
1994,7296,0,551225.963,556686,-5460.037,true,7,0,213,false,jump,1.000000
1995,7305,0,551642.510,556686,-5043.490,true,7,0,213,false,jump,1.000000
1996,7314,0,552062.537,558734,-6671.463,true,7,0,213,false,jump,1.000000
1997,7324,0,552516.883,559175,-6658.117,true,7,0,214,false,jump,1.000000
1998,7333,0,552933.292,559175,-6241.708,true,7,0,214,false,jump,1.000000
1999,7343,0,553349.690,559175,-5825.310,true,7,0,214,false,jump,1.000000
2000,7352,0,553802.344,559616,-5813.656,true,7,0,215,false,jump,1.000000
2001,7362,0,554218.883,559616,-5397.117,true,7,0,215,false,jump,1.000000
2002,7371,0,554635.308,559616,-4980.692,true,7,0,215,false,jump,1.000000
2003,7380,0,555051.782,559616,-4564.218,true,7,0,215,false,jump,1.000000
2004,7390,0,555501.911,560057,-4555.089,true,7,0,216,false,jump,1.000000
2005,7399,0,555921.708,562105,-6183.292,true,7,0,216,false,jump,1.000000
2006,7409,0,556336.739,562105,-5768.261,true,7,0,216,false,jump,1.000000
2007,7418,0,556789.277,562546,-5756.723,true,7,0,217,false,jump,1.000000
2008,7428,0,557205.176,562546,-5340.824,true,7,0,217,false,jump,1.000000
2009,7437,0,557620.858,562546,-4925.142,true,7,0,217,false,jump,1.000000
2010,7447,0,558075.806,565035,-6959.194,true,7,0,218,false,jump,1.000000
2011,7456,0,558491.476,565035,-6543.524,true,7,0,218,false,jump,1.000000
2012,7465,0,558907.475,565035,-6127.525,true,7,0,218,false,jump,1.000000
2013,7475,0,559360.731,565476,-6115.269,true,7,0,219,false,jump,1.000000
2014,7484,0,559780.557,567524,-7743.443,true,7,0,219,false,jump,1.000000
2015,7494,0,560196.229,567524,-7327.771,true,7,0,219,false,jump,1.000000
2016,7503,0,560611.889,567524,-6912.111,true,7,0,219,false,jump,1.000000
2017,7513,0,561066.714,567965,-6898.286,true,7,0,220,false,jump,1.000000
2018,7522,0,561482.536,567965,-6482.464,true,7,0,220,false,jump,1.000000
2019,7532,0,561902.335,570013,-8110.665,true,7,0,220,false,jump,1.000000
2020,7541,0,562359.560,570454,-8094.440,true,7,0,221,false,jump,1.000000
2021,7550,0,562775.317,570454,-7678.683,true,7,0,221,false,jump,1.000000
2022,7561,0,563191.238,570454,-7262.762,true,7,0,221,false,jump,1.000000
2023,7569,0,563650.863,572943,-9292.137,true,7,0,222,false,jump,1.000000
2024,7579,0,564067.255,572943,-8875.745,true,7,0,222,false,jump,1.000000
2025,7588,0,564483.253,572943,-8459.747,true,7,0,222,false,jump,1.000000
2026,7598,0,564941.174,573384,-8442.826,true,7,0,223,false,jump,1.000000
2027,7607,0,565356.826,573384,-8027.174,true,7,0,223,false,jump,1.000000
2028,7617,0,565776.743,575432,-9655.257,true,7,0,223,false,jump,1.000000
2029,7626,0,566237.055,575873,-9635.945,true,7,0,224,false,jump,1.000000
2030,7636,0,566652.968,575873,-9220.032,true,7,0,224,false,jump,1.000000
2031,7645,0,567068.645,575873,-8804.355,true,7,0,224,false,jump,1.000000
2032,7654,0,567488.590,577921,-10432.410,true,7,0,224,false,jump,1.000000
2033,7664,0,567950.458,578362,-10411.542,true,7,0,225,false,jump,1.000000
2034,7673,0,568366.520,578362,-9995.480,true,7,0,225,false,jump,1.000000
2035,7683,0,568782.645,578362,-9579.355,true,7,0,225,false,jump,1.000000
2036,7693,0,569242.808,578803,-9560.192,true,7,0,226,false,jump,1.000000
2037,7702,0,569662.813,580851,-11188.187,true,7,0,226,false,jump,1.000000
2038,7711,0,570078.654,580851,-10772.346,true,7,0,226,false,jump,1.000000
2039,7721,0,570541.200,581292,-10750.800,true,7,0,227,false,jump,1.000000
2040,7730,0,570957.667,581292,-10334.333,true,7,0,227,false,jump,1.000000
2041,7739,0,571378.244,583340,-11961.756,true,7,0,227,false,jump,1.000000
2042,7749,0,571843.170,583781,-11937.830,true,7,0,228,false,jump,1.000000
2043,7758,0,572258.869,583781,-11522.131,true,7,0,228,false,jump,1.000000
2044,7768,0,572674.604,583781,-11106.396,true,7,0,228,false,jump,1.000000
2045,7777,0,573137.818,584222,-11084.182,true,7,0,229,false,jump,1.000000
2046,7787,0,573557.773,586270,-12712.227,true,7,0,229,false,jump,1.000000
2047,7796,0,573974.298,586270,-12295.702,true,7,0,229,false,jump,1.000000
2048,7806,0,574390.794,586270,-11879.206,true,7,0,229,false,jump,1.000000
2049,7815,0,574855.554,586711,-11855.446,true,7,0,230,false,jump,1.000000
2050,7825,0,588828.169,588759,69.169,true,7,0,230,false,jump,1.000000
2051,7834,0,589243.894,588759,484.894,true,7,0,230,false,jump,1.000000
2052,7843,0,589683.927,589200,483.927,true,7,0,231,false,jump,1.000000
2053,7853,0,590099.732,589200,899.732,true,7,0,231,false,jump,1.000000
2054,7862,0,590515.474,589200,1315.474,true,7,0,231,false,jump,1.000000
2055,7872,0,590953.845,589641,1312.845,true,7,0,232,false,jump,1.000000
2056,7881,0,591369.560,589641,1728.560,true,7,0,232,false,jump,1.000000
2057,7891,0,591785.223,589641,2144.223,true,7,0,232,false,jump,1.000000
2058,7900,0,592221.937,590082,2139.937,true,7,0,233,false,jump,1.000000
2059,7910,0,592641.658,592130,511.658,true,7,0,233,false,jump,1.000000
2060,7919,0,593057.375,592130,927.375,true,7,0,233,false,jump,1.000000
2061,7928,0,593496.521,592571,925.521,true,7,0,234,false,jump,1.000000
2062,7938,0,593912.192,592571,1341.192,true,7,0,234,false,jump,1.000000
2063,7947,0,594327.785,592571,1756.785,true,7,0,234,false,jump,1.000000
2064,7958,0,594747.720,594619,128.720,true,7,0,234,false,jump,1.000000
2065,7966,0,595188.465,595060,128.465,true,7,0,235,false,jump,1.000000
2066,7976,0,595604.444,595060,544.444,true,7,0,235,false,jump,1.000000
2067,7985,0,596020.493,595060,960.493,true,7,0,235,false,jump,1.000000
2068,7995,0,596463.671,597549,-1085.329,true,7,0,236,false,jump,1.000000
2069,8004,0,596880.062,597549,-668.938,true,7,0,236,false,jump,1.000000
2070,8014,0,597296.621,597549,-252.379,true,7,0,236,false,jump,1.000000
2071,8023,0,597738.130,597990,-251.870,true,7,0,237,false,jump,1.000000
2072,8032,0,598154.572,597990,164.572,true,7,0,237,false,jump,1.000000
2073,8042,0,598574.329,600038,-1463.671,true,7,0,237,false,jump,1.000000
2074,8051,0,599018.258,600479,-1460.742,true,7,0,238,false,jump,1.000000
2075,8061,0,599433.952,600479,-1045.048,true,7,0,238,false,jump,1.000000
2076,8070,0,599849.613,600479,-629.387,true,7,0,238,false,jump,1.000000
2077,8080,0,600295.970,602968,-2672.030,true,7,0,239,false,jump,1.000000
2078,8089,0,600711.678,602968,-2256.322,true,7,0,239,false,jump,1.000000
2079,8099,0,601127.316,602968,-1840.684,true,7,0,239,false,jump,1.000000
2080,8108,0,601542.973,602968,-1425.027,true,7,0,239,false,jump,1.000000
2081,8117,0,601986.825,603409,-1422.175,true,7,0,240,false,jump,1.000000
2082,8127,0,602406.605,605457,-3050.395,true,7,0,240,false,jump,1.000000
2083,8136,0,602822.306,605457,-2634.694,true,7,0,240,false,jump,1.000000
2084,8146,0,603268.577,605898,-2629.423,true,7,0,241,false,jump,1.000000
2085,8155,0,603684.271,605898,-2213.729,true,7,0,241,false,jump,1.000000
2086,8165,0,604104.389,607946,-3841.611,true,7,0,241,false,jump,1.000000
2087,8174,0,604553.075,608387,-3833.925,true,7,0,242,false,jump,1.000000
2088,8184,0,604968.790,608387,-3418.210,true,7,0,242,false,jump,1.000000
2089,8193,0,605384.480,608387,-3002.520,true,7,0,242,false,jump,1.000000
2090,8202,0,605831.486,608828,-2996.514,true,7,0,243,false,jump,1.000000
2091,8212,0,606251.375,610876,-4624.625,true,7,0,243,false,jump,1.000000
2092,8222,0,606667.108,610876,-4208.892,true,7,0,243,false,jump,1.000000
2093,8231,0,607116.527,611317,-4200.473,true,7,0,244,false,jump,1.000000
2094,8240,0,607532.181,611317,-3784.819,true,7,0,244,false,jump,1.000000
2095,8250,0,607951.992,613365,-5413.008,true,7,0,244,false,jump,1.000000
2096,8259,0,608367.674,613365,-4997.326,true,7,0,244,false,jump,1.000000
2097,8269,0,608818.670,613806,-4987.330,true,7,0,245,false,jump,1.000000
2098,8278,0,609234.330,613806,-4571.670,true,7,0,245,false,jump,1.000000
2099,8287,0,609650.057,613806,-4155.943,true,7,0,245,false,jump,1.000000
2100,8297,0,610103.466,616295,-6191.534,true,7,0,246,false,jump,1.000000
2101,8306,0,610519.258,616295,-5775.742,true,7,0,246,false,jump,1.000000
2102,8316,0,610934.970,616295,-5360.030,true,7,0,246,false,jump,1.000000
2103,8325,0,611386.693,616736,-5349.307,true,7,0,247,false,jump,1.000000
2104,8335,0,611807.302,618784,-6976.698,true,7,0,247,false,jump,1.000000
2105,8344,0,612223.736,618784,-6560.264,true,7,0,247,false,jump,1.000000
2106,8354,0,612677.860,619225,-6547.140,true,7,0,248,false,jump,1.000000
2107,8363,0,613094.434,619225,-6130.566,true,7,0,248,false,jump,1.000000
2108,8373,0,613510.886,619225,-5714.114,true,7,0,248,false,jump,1.000000
2109,8382,0,613963.318,619666,-5702.682,true,7,0,249,false,jump,1.000000
2110,8392,0,614379.722,619666,-5286.278,true,7,0,249,false,jump,1.000000
2111,8401,0,614796.164,619666,-4869.836,true,7,0,249,false,jump,1.000000
2112,8410,0,615212.611,619666,-4453.389,true,7,0,249,false,jump,1.000000
2113,8420,0,615666.617,622155,-6488.383,true,7,0,250,false,jump,1.000000
2114,8429,0,616083.032,622155,-6071.968,true,7,0,250,false,jump,1.000000
2115,8439,0,616498.989,622155,-5656.011,true,7,0,250,false,jump,1.000000
2116,8448,0,616951.303,622596,-5644.697,true,7,0,251,false,jump,1.000000
2117,8458,0,617367.009,622596,-5228.991,true,7,0,251,false,jump,1.000000
2118,8467,0,617786.763,624644,-6857.237,true,7,0,251,false,jump,1.000000
2119,8477,0,618241.481,625085,-6843.519,true,7,0,252,false,jump,1.000000
2120,8487,0,618657.241,625085,-6427.759,true,7,0,252,false,jump,1.000000
2121,8496,0,619073.338,625085,-6011.662,true,7,0,252,false,jump,1.000000
2122,8505,0,619530.462,627574,-8043.538,true,7,0,253,false,jump,1.000000
2123,8514,0,619946.312,627574,-7627.688,true,7,0,253,false,jump,1.000000
2124,8524,0,620362.802,627574,-7211.198,true,7,0,253,false,jump,1.000000
2125,8533,0,620818.228,628015,-7196.772,true,7,0,254,false,jump,1.000000
2126,8543,0,621234.651,628015,-6780.349,true,7,0,254,false,jump,1.000000
2127,8552,0,621654.627,630063,-8408.373,true,7,0,254,false,jump,1.000000
2128,8562,0,622070.694,630063,-7992.306,true,7,0,254,false,jump,1.000000
2129,8571,0,622527.680,630504,-7976.320,true,7,0,255,false,jump,1.000000
2130,8581,0,622943.483,630504,-7560.517,true,7,0,255,false,jump,1.000000
2131,8590,0,623363.368,632552,-9188.632,true,7,0,255,false,jump,1.000000
2132,8600,0,623822.749,632993,-9170.251,true,7,0,256,false,jump,1.000000
2133,8609,0,624238.581,632993,-8754.419,true,7,0,256,false,jump,1.000000
2134,8619,0,624654.424,632993,-8338.576,true,7,0,256,false,jump,1.000000
2135,8628,0,625112.105,633434,-8321.895,true,7,0,257,false,jump,1.000000
2136,8637,0,625532.666,635482,-9949.334,true,7,0,257,false,jump,1.000000
2137,8647,0,625948.466,635482,-9533.534,true,7,0,257,false,jump,1.000000
2138,8656,0,626408.536,635923,-9514.464,true,7,0,258,false,jump,1.000000
2139,8666,0,626824.958,635923,-9098.042,true,7,0,258,false,jump,1.000000
2140,8675,0,627244.663,637971,-10726.337,true,7,0,258,false,jump,1.000000
2141,8685,0,627661.743,637971,-10309.257,true,7,0,258,false,jump,1.000000
2142,8694,0,628123.366,638412,-10288.634,true,7,0,259,false,jump,1.000000
2143,8704,0,628539.114,638412,-9872.886,true,7,0,259,false,jump,1.000000
2144,8713,0,628955.533,638412,-9456.467,true,7,0,259,false,jump,1.000000
2145,8722,0,629419.544,640901,-11481.456,true,7,0,260,false,jump,1.000000
2146,8732,0,629835.977,640901,-11065.023,true,7,0,260,false,jump,1.000000
2147,8741,0,630252.510,640901,-10648.490,true,7,0,260,false,jump,1.000000
2148,8752,0,630714.809,641342,-10627.191,true,7,0,261,false,jump,1.000000
2149,8760,0,631134.532,643221,-12086.468,true,7,0,261,false,jump,1.000000
2150,8770,0,631551.385,643390,-11838.615,true,7,0,261,false,jump,1.000000
2151,8779,0,632016.064,643831,-11814.936,true,7,0,262,false,jump,1.000000
2152,8789,0,632432.563,643831,-11398.437,true,7,0,262,false,jump,1.000000
2153,8798,0,632847.520,643831,-10983.480,true,7,0,262,false,jump,1.000000
2154,8808,0,633314.584,646320,-13005.416,true,7,0,263,false,jump,1.000000
2155,8817,0,633730.350,646320,-12589.650,true,7,0,263,false,jump,1.000000
2156,8826,0,634146.895,646320,-12173.105,true,7,0,263,false,jump,1.000000
2157,8836,0,634562.669,646320,-11757.331,true,7,0,263,false,jump,1.000000
2158,8845,0,635028.111,647231,-12202.889,true,7,0,264,false,jump,1.000000
2159,8855,0,648870.423,648809,61.423,true,7,0,264,false,jump,1.000000
2160,8864,0,649286.041,648809,477.041,true,7,0,264,false,jump,1.000000
2161,8874,0,649726.089,649250,476.089,true,7,0,265,false,jump,1.000000
2162,8884,0,650141.663,649250,891.663,true,7,0,265,false,jump,1.000000
2163,8893,0,650561.401,651298,-736.599,true,7,0,265,false,jump,1.000000
2164,8902,0,651003.876,651739,-735.124,true,7,0,266,false,jump,1.000000
2165,8911,0,651419.499,651739,-319.501,true,7,0,266,false,jump,1.000000
2166,8921,0,651835.162,651739,96.162,true,7,0,266,false,jump,1.000000
2167,8930,0,652275.971,652180,95.971,true,7,0,267,false,jump,1.000000
2168,8940,0,652691.629,652180,511.629,true,7,0,267,false,jump,1.000000
2169,8949,0,653107.257,652180,927.257,true,7,0,267,false,jump,1.000000
2170,8959,0,653546.404,652621,925.404,true,7,0,268,false,jump,1.000000
2171,8968,0,653962.111,652621,1341.111,true,7,0,268,false,jump,1.000000
2172,8978,0,654381.857,654669,-287.143,true,7,0,268,false,jump,1.000000
2173,8987,0,654797.531,654669,128.531,true,7,0,268,false,jump,1.000000
2174,8997,0,655238.276,655110,128.276,true,7,0,269,false,jump,1.000000
2175,9006,0,655654.066,655110,544.066,true,7,0,269,false,jump,1.000000
2176,9016,0,656069.703,655110,959.703,true,7,0,269,false,jump,1.000000
2177,9025,0,656512.883,657599,-1086.117,true,7,0,270,false,jump,1.000000
2178,9034,0,656928.548,657599,-670.452,true,7,0,270,false,jump,1.000000
2179,9044,0,657344.178,657599,-254.822,true,7,0,270,false,jump,1.000000
2180,9053,0,657785.691,658040,-254.309,true,7,0,271,false,jump,1.000000
2181,9063,0,658205.865,660088,-1882.135,true,7,0,271,false,jump,1.000000
2182,9072,0,658621.795,660088,-1466.205,true,7,0,271,false,jump,1.000000
2183,9082,0,659065.729,660529,-1463.271,true,7,0,272,false,jump,1.000000
2184,9091,0,659481.422,660529,-1047.578,true,7,0,272,false,jump,1.000000
2185,9100,0,659897.101,660529,-631.899,true,7,0,272,false,jump,1.000000
2186,9110,0,660343.460,663017,-2673.540,true,7,0,273,false,jump,1.000000
2187,9119,0,660759.092,663017,-2257.908,true,7,0,273,false,jump,1.000000
2188,9129,0,661175.554,663017,-1841.446,true,7,0,273,false,jump,1.000000
2189,9138,0,661591.264,663017,-1425.736,true,7,0,273,false,jump,1.000000
2190,9148,0,662039.213,665506,-3466.787,true,7,0,274,false,jump,1.000000
2191,9157,0,662454.848,665506,-3051.152,true,7,0,274,false,jump,1.000000
2192,9167,0,662870.629,665506,-2635.371,true,7,0,274,false,jump,1.000000
2193,9176,0,663316.901,665947,-2630.099,true,7,0,275,false,jump,1.000000
2194,9185,0,663732.530,665947,-2214.470,true,7,0,275,false,jump,1.000000
2195,9195,0,664152.388,667995,-3842.612,true,7,0,275,false,jump,1.000000
2196,9204,0,664601.075,668436,-3834.925,true,7,0,276,false,jump,1.000000
2197,9214,0,665015.016,668436,-3420.984,true,7,0,276,false,jump,1.000000
2198,9223,0,665430.884,668436,-3005.116,true,7,0,276,false,jump,1.000000
2199,9233,0,665881.992,670925,-5043.008,true,7,0,277,false,jump,1.000000
2200,9242,0,666297.825,670925,-4627.175,true,7,0,277,false,jump,1.000000
2201,9252,0,666713.956,670925,-4211.044,true,8,0,277,false,jump,1.000000
2202,9261,0,667163.380,671366,-4202.620,true,8,0,278,false,jump,1.000000
2203,9270,0,667579.115,671366,-3786.885,true,8,0,278,false,jump,1.000000
2204,9280,0,667998.955,673414,-5415.045,true,8,0,278,false,jump,1.000000
2205,9289,0,668415.595,673414,-4998.405,true,8,0,278,false,jump,1.000000
2206,9299,0,668866.593,673855,-4988.407,true,8,0,279,false,jump,1.000000
2207,9308,0,669282.250,673855,-4572.750,true,8,0,279,false,jump,1.000000
2208,9318,0,669702.023,675903,-6200.977,true,8,0,279,false,jump,1.000000
2209,9327,0,670155.428,676344,-6188.572,true,8,0,280,false,jump,1.000000
2210,9337,0,670571.147,676344,-5772.853,true,8,0,280,false,jump,1.000000
2211,9346,0,670987.595,676344,-5356.405,true,8,0,280,false,jump,1.000000
2212,9356,0,671439.311,676785,-5345.689,true,8,0,281,false,jump,1.000000
2213,9365,0,671860.064,678833,-6972.936,true,8,0,281,false,jump,1.000000
2214,9374,0,672276.439,678833,-6556.561,true,8,0,281,false,jump,1.000000
2215,9384,0,672730.556,679274,-6543.444,true,8,0,282,false,jump,1.000000
2216,9393,0,673146.147,679274,-6127.853,true,8,0,282,false,jump,1.000000
2217,9403,0,673564.116,681322,-7757.884,true,8,0,282,false,jump,1.000000
2218,9413,0,673979.929,681322,-7342.071,true,8,0,282,false,jump,1.000000
2219,9422,0,674435.615,681763,-7327.385,true,8,0,283,false,jump,1.000000
2220,9431,0,674851.221,681763,-6911.779,true,8,0,283,false,jump,1.000000
2221,9441,0,675267.077,681763,-6495.923,true,8,0,283,false,jump,1.000000
2222,9450,0,675721.072,682204,-6482.928,true,8,0,284,false,jump,1.000000
2223,9459,0,676137.689,682204,-6066.311,true,8,0,284,false,jump,1.000000
2224,9469,0,676553.728,682204,-5650.272,true,8,0,284,false,jump,1.000000
2225,9478,0,677006.031,682645,-5638.969,true,8,0,285,false,jump,1.000000
2226,9488,0,677425.873,684693,-7267.127,true,8,0,285,false,jump,1.000000
2227,9497,0,677841.559,684693,-6851.441,true,8,0,285,false,jump,1.000000
2228,9507,0,678296.266,685134,-6837.734,true,8,0,286,false,jump,1.000000
2229,9516,0,678712.198,685134,-6421.802,true,8,0,286,false,jump,1.000000
2230,9526,0,679127.910,685134,-6006.090,true,8,0,286,false,jump,1.000000
2231,9535,0,679585.020,687623,-8037.980,true,8,0,287,false,jump,1.000000
2232,9545,0,680000.746,687623,-7622.254,true,8,0,287,false,jump,1.000000
2233,9554,0,680416.403,687623,-7206.597,true,8,0,287,false,jump,1.000000
2234,9563,0,680832.128,687623,-6790.872,true,8,0,287,false,jump,1.000000
2235,9573,0,681290.808,690112,-8821.192,true,8,0,288,false,jump,1.000000
2236,9582,0,681706.471,690112,-8405.529,true,8,0,288,false,jump,1.000000
2237,9592,0,682122.222,690112,-7989.778,true,8,0,288,false,jump,1.000000
2238,9601,0,682579.204,690553,-7973.796,true,8,0,289,false,jump,1.000000
2239,9611,0,682994.907,690553,-7558.093,true,8,0,289,false,jump,1.000000
2240,9620,0,683414.687,692601,-9186.313,true,8,0,289,false,jump,1.000000
2241,9629,0,683874.062,693042,-9167.938,true,8,0,290,false,jump,1.000000
2242,9639,0,684289.879,693042,-8752.121,true,8,0,290,false,jump,1.000000
2243,9648,0,684705.521,693042,-8336.479,true,8,0,290,false,jump,1.000000
2244,9658,0,685167.291,695531,-10363.709,true,8,0,291,false,jump,1.000000
2245,9667,0,685582.961,695531,-9948.039,true,8,0,291,false,jump,1.000000
2246,9677,0,685999.436,695531,-9531.564,true,8,0,291,false,jump,1.000000
2247,9686,0,686459.502,695972,-9512.498,true,8,0,292,false,jump,1.000000
2248,9696,0,686875.491,695972,-9096.509,true,8,0,292,false,jump,1.000000
2249,9705,0,687295.535,698020,-10724.465,true,8,0,292,false,jump,1.000000
2250,9715,0,687711.175,698020,-10308.825,true,8,0,292,false,jump,1.000000
2251,9724,0,688172.794,698461,-10288.206,true,8,0,293,false,jump,1.000000
2252,9733,0,688589.347,698461,-9871.653,true,8,0,293,false,jump,1.000000
2253,9743,0,689009.811,700509,-11499.189,true,8,0,293,false,jump,1.000000
2254,9752,0,689473.812,700950,-11476.188,true,8,0,294,false,jump,1.000000
2255,9762,0,689890.240,700950,-11059.760,true,8,0,294,false,jump,1.000000
2256,9771,0,690306.728,700950,-10643.272,true,8,0,294,false,jump,1.000000
2257,9781,0,690769.017,701391,-10621.983,true,8,0,295,false,jump,1.000000
2258,9790,0,691189.598,703439,-12249.402,true,8,0,295,false,jump,1.000000
2259,9800,0,691605.373,703439,-11833.627,true,8,0,295,false,jump,1.000000
2260,9810,0,692070.043,703880,-11809.957,true,8,0,296,false,jump,1.000000
2261,9819,0,692486.513,703880,-11393.487,true,8,0,296,false,jump,1.000000
2262,9828,0,692906.439,705928,-13021.561,true,8,0,296,false,jump,1.000000
2263,9837,0,693373.486,706369,-12995.514,true,8,0,297,false,jump,1.000000
2264,9847,0,693789.948,706369,-12579.052,true,8,0,297,false,jump,1.000000
2265,9856,0,694206.461,706369,-12162.539,true,8,0,297,false,jump,1.000000
2266,9866,0,694622.246,706369,-11746.754,true,8,0,297,false,jump,1.000000
2267,9875,0,708912.676,708858,54.676,true,8,0,298,false,jump,1.000000
2268,9885,0,709328.403,708858,470.403,true,8,0,298,false,jump,1.000000
2269,9894,0,709744.873,708858,886.873,true,8,0,298,false,jump,1.000000
2270,9904,0,710184.101,709299,885.101,true,8,0,299,false,jump,1.000000
2271,9913,0,710604.652,711347,-742.348,true,8,0,299,false,jump,1.000000
2272,9923,0,711021.123,711347,-325.877,true,8,0,299,false,jump,1.000000
2273,9932,0,711462.776,711788,-325.224,true,8,0,300,false,jump,1.000000
2274,9942,0,711878.931,711788,90.931,true,8,0,300,false,jump,1.000000
2275,9951,0,712294.663,711788,506.663,true,8,0,300,false,jump,1.000000
2276,9960,0,712734.654,712229,505.654,true,8,0,301,false,jump,1.000000
2277,9970,0,713150.557,712229,921.557,true,8,0,301,false,jump,1.000000
2278,9979,0,713566.991,712229,1337.991,true,8,0,301,false,jump,1.000000
2279,9989,0,714005.319,712670,1335.319,true,8,0,302,false,jump,1.000000
2280,9998,0,714425.034,714718,-292.966,true,8,0,302,false,jump,1.000000
2281,10008,0,714840.702,714718,122.702,true,8,0,302,false,jump,1.000000
